product_id, category_id
1, 5001
2, 5002
3, 5003
4, 5004
5, 5005
6, 5006
7, 5007
8, 5008
9, 5009
10, 5010
11, 5011
12, 5012
13, 5013
14, 5014
15, 5015
16, 5016
17, 5017
18, 5018
19, 5019
20, 5020
21, 5021
22, 5022
23, 5023
24, 5024
25, 5025
26, 5026
27, 5027
28, 5028
29, 5029
30, 5030
31, 5031
32, 5032
33, 5033
34, 5034
35, 5035
36, 5036
37, 5037
38, 5038
39, 5039
40, 5040
41, 5041
42, 5042
43, 5043
44, 5044
45, 5045
46, 5046
47, 5047
48, 5048
49, 5049
50, 5050
51, 5051
52, 5052
53, 5053
54, 5054
55, 5055
56, 5056
57, 5057
58, 5058
59, 5059
60, 5060
61, 5061
62, 5062
63, 5063
64, 5064
65, 5065
66, 5066
67, 5067
68, 5068
69, 5069
70, 5070
71, 5071
72, 5072
73, 5073
74, 5074
75, 5075
76, 5076
77, 5077
78, 5078
79, 5079
80, 5080
81, 5081
82, 5082
83, 5083
84, 5084
85, 5085
86, 5086
87, 5087
88, 5088
89, 5089
90, 5090
91, 5091
92, 5092
93, 5093
94, 5094
95, 5095
96, 5096
97, 5097
98, 5098
99, 5099
100, 5100
101, 5101
102, 5102
103, 5103
104, 5104
105, 5105
106, 5106
107, 5107
108, 5108
109, 5109
110, 5110
111, 5111
112, 5112
113, 5113
114, 5114
115, 5115
116, 5116
117, 5117
118, 5118
119, 5119
120, 5120
121, 5121
122, 5122
123, 5123
124, 5124
125, 5125
126, 5126
127, 5127
128, 5128
129, 5129
130, 5130
131, 5131
132, 5132
133, 5133
134, 5134
135, 5135
136, 5136
137, 5137
138, 5138
139, 5139
140, 5140
141, 5141
142, 5142
143, 5143
144, 5144
145, 5145
146, 5146
147, 5147
148, 5148
149, 5149
150, 5150
151, 5151
152, 5152
153, 5153
154, 5154
155, 5155
156, 5156
157, 5157
158, 5158
159, 5159
160, 5160
161, 5161
162, 5162
163, 5163
164, 5164
165, 5165
166, 5166
167, 5167
168, 5168
169, 5169
170, 5170
171, 5171
172, 5172
173, 5173
174, 5174
175, 5175
176, 5176
177, 5177
178, 5178
179, 5179
180, 5180
181, 5181
182, 5182
183, 5183
184, 5184
185, 5185
186, 5186
187, 5187
188, 5188
189, 5189
190, 5190
191, 5191
192, 5192
193, 5193
194, 5194
195, 5195
196, 5196
197, 5197
198, 5198
199, 5199
200, 5200
201, 5201
202, 5202
203, 5203
204, 5204
205, 5205
206, 5206
207, 5207
208, 5208
209, 5209
210, 5210
211, 5211
212, 5212
213, 5213
214, 5214
215, 5215
216, 5216
217, 5217
218, 5218
219, 5219
220, 5220
221, 5221
222, 5222
223, 5223
224, 5224
225, 5225
226, 5226
227, 5227
228, 5228
229, 5229
230, 5230
231, 5231
232, 5232
233, 5233
234, 5234
235, 5235
236, 5236
237, 5237
238, 5238
239, 5239
240, 5240
241, 5241
242, 5242
243, 5243
244, 5244
245, 5245
246, 5246
247, 5247
248, 5248
249, 5249
250, 5250
251, 5251
252, 5252
253, 5253
254, 5254
255, 5255
256, 5256
257, 5257
258, 5258
259, 5259
260, 5260
261, 5261
262, 5262
263, 5263
264, 5264
265, 5265
266, 5266
267, 5267
268, 5268
269, 5269
270, 5270
271, 5271
272, 5272
273, 5273
274, 5274
275, 5275
276, 5276
277, 5277
278, 5278
279, 5279
280, 5280
281, 5281
282, 5282
283, 5283
284, 5284
285, 5285
286, 5286
287, 5287
288, 5288
289, 5289
290, 5290
291, 5291
292, 5292
293, 5293
294, 5294
295, 5295
296, 5296
297, 5297
298, 5298
299, 5299
300, 5300
301, 5301
302, 5302
303, 5303
304, 5304
305, 5305
306, 5306
307, 5307
308, 5308
309, 5309
310, 5310
311, 5311
312, 5312
313, 5313
314, 5314
315, 5315
316, 5316
317, 5317
318, 5318
319, 5319
320, 5320
321, 5321
322, 5322
323, 5323
324, 5324
325, 5325
326, 5326
327, 5327
328, 5328
329, 5329
330, 5330
331, 5331
332, 5332
333, 5333
334, 5334
335, 5335
336, 5336
337, 5337
338, 5338
339, 5339
340, 5340
341, 5341
342, 5342
343, 5343
344, 5344
345, 5345
346, 5346
347, 5347
348, 5348
349, 5349
350, 5350
351, 5351
352, 5352
353, 5353
354, 5354
355, 5355
356, 5356
357, 5357
358, 5358
359, 5359
360, 5360
361, 5361
362, 5362
363, 5363
364, 5364
365, 5365
366, 5366
367, 5367
368, 5368
369, 5369
370, 5370
371, 5371
372, 5372
373, 5373
374, 5374
375, 5375
376, 5376
377, 5377
378, 5378
379, 5379
380, 5380
381, 5381
382, 5382
383, 5383
384, 5384
385, 5385
386, 5386
387, 5387
388, 5388
389, 5389
390, 5390
391, 5391
392, 5392
393, 5393
394, 5394
395, 5395
396, 5396
397, 5397
398, 5398
399, 5399
400, 5400
401, 5401
402, 5402
403, 5403
404, 5404
405, 5405
406, 5406
407, 5407
408, 5408
409, 5409
410, 5410
411, 5411
412, 5412
413, 5413
414, 5414
415, 5415
416, 5416
417, 5417
418, 5418
419, 5419
420, 5420
421, 5421
422, 5422
423, 5423
424, 5424
425, 5425
426, 5426
427, 5427
428, 5428
429, 5429
430, 5430
431, 5431
432, 5432
433, 5433
434, 5434
435, 5435
436, 5436
437, 5437
438, 5438
439, 5439
440, 5440
441, 5441
442, 5442
443, 5443
444, 5444
445, 5445
446, 5446
447, 5447
448, 5448
449, 5449
450, 5450
451, 5451
452, 5452
453, 5453
454, 5454
455, 5455
456, 5456
457, 5457
458, 5458
459, 5459
460, 5460
461, 5461
462, 5462
463, 5463
464, 5464
465, 5465
466, 5466
467, 5467
468, 5468
469, 5469
470, 5470
471, 5471
472, 5472
473, 5473
474, 5474
475, 5475
476, 5476
477, 5477
478, 5478
479, 5479
480, 5480
481, 5481
482, 5482
483, 5483
484, 5484
485, 5485
486, 5486
487, 5487
488, 5488
489, 5489
490, 5490
491, 5491
492, 5492
493, 5493
494, 5494
495, 5495
496, 5496
497, 5497
498, 5498
499, 5499
500, 5500
501, 5501
502, 5502
503, 5503
504, 5504
505, 5505
506, 5506
507, 5507
508, 5508
509, 5509
510, 5510
511, 5511
512, 5512
513, 5513
514, 5514
515, 5515
516, 5516
517, 5517
518, 5518
519, 5519
520, 5520
521, 5521
522, 5522
523, 5523
524, 5524
525, 5525
526, 5526
527, 5527
528, 5528
529, 5529
530, 5530
531, 5531
532, 5532
533, 5533
534, 5534
535, 5535
536, 5536
537, 5537
538, 5538
539, 5539
540, 5540
541, 5541
542, 5542
543, 5543
544, 5544
545, 5545
546, 5546
547, 5547
548, 5548
549, 5549
550, 5550
551, 5551
552, 5552
553, 5553
554, 5554
555, 5555
556, 5556
557, 5557
558, 5558
559, 5559
560, 5560
561, 5561
562, 5562
563, 5563
564, 5564
565, 5565
566, 5566
567, 5567
568, 5568
569, 5569
570, 5570
571, 5571
572, 5572
573, 5573
574, 5574
575, 5575
576, 5576
577, 5577
578, 5578
579, 5579
580, 5580
581, 5581
582, 5582
583, 5583
584, 5584
585, 5585
586, 5586
587, 5587
588, 5588
589, 5589
590, 5590
591, 5591
592, 5592
593, 5593
594, 5594
595, 5595
596, 5596
597, 5597
598, 5598
599, 5599
600, 5600
601, 5601
602, 5602
603, 5603
604, 5604
605, 5605
606, 5606
607, 5607
608, 5608
609, 5609
610, 5610
611, 5611
612, 5612
613, 5613
614, 5614
615, 5615
616, 5616
617, 5617
618, 5618
619, 5619
620, 5620
621, 5621
622, 5622
623, 5623
624, 5624
625, 5625
626, 5626
627, 5627
628, 5628
629, 5629
630, 5630
631, 5631
632, 5632
633, 5633
634, 5634
635, 5635
636, 5636
637, 5637
638, 5638
639, 5639
640, 5640
641, 5641
642, 5642
643, 5643
644, 5644
645, 5645
646, 5646
647, 5647
648, 5648
649, 5649
650, 5650
651, 5651
652, 5652
653, 5653
654, 5654
655, 5655
656, 5656
657, 5657
658, 5658
659, 5659
660, 5660
661, 5661
662, 5662
663, 5663
664, 5664
665, 5665
666, 5666
667, 5667
668, 5668
669, 5669
670, 5670
671, 5671
672, 5672
673, 5673
674, 5674
675, 5675
676, 5676
677, 5677
678, 5678
679, 5679
680, 5680
681, 5681
682, 5682
683, 5683
684, 5684
685, 5685
686, 5686
687, 5687
688, 5688
689, 5689
690, 5690
691, 5691
692, 5692
693, 5693
694, 5694
695, 5695
696, 5696
697, 5697
698, 5698
699, 5699
700, 5700
701, 5701
702, 5702
703, 5703
704, 5704
705, 5705
706, 5706
707, 5707
708, 5708
709, 5709
710, 5710
711, 5711
712, 5712
713, 5713
714, 5714
715, 5715
716, 5716
717, 5717
718, 5718
719, 5719
720, 5720
721, 5721
722, 5722
723, 5723
724, 5724
725, 5725
726, 5726
727, 5727
728, 5728
729, 5729
730, 5730
731, 5731
732, 5732
733, 5733
734, 5734
735, 5735
736, 5736
737, 5737
738, 5738
739, 5739
740, 5740
741, 5741
742, 5742
743, 5743
744, 5744
745, 5745
746, 5746
747, 5747
748, 5748
749, 5749
750, 5750
751, 5751
752, 5752
753, 5753
754, 5754
755, 5755
756, 5756
757, 5757
758, 5758
759, 5759
760, 5760
761, 5761
762, 5762
763, 5763
764, 5764
765, 5765
766, 5766
767, 5767
768, 5768
769, 5769
770, 5770
771, 5771
772, 5772
773, 5773
774, 5774
775, 5775
776, 5776
777, 5777
778, 5778
779, 5779
780, 5780
781, 5781
782, 5782
783, 5783
784, 5784
785, 5785
786, 5786
787, 5787
788, 5788
789, 5789
790, 5790
791, 5791
792, 5792
793, 5793
794, 5794
795, 5795
796, 5796
797, 5797
798, 5798
799, 5799
800, 5800
801, 5801
802, 5802
803, 5803
804, 5804
805, 5805
806, 5806
807, 5807
808, 5808
809, 5809
810, 5810
811, 5811
812, 5812
813, 5813
814, 5814
815, 5815
816, 5816
817, 5817
818, 5818
819, 5819
820, 5820
821, 5821
822, 5822
823, 5823
824, 5824
825, 5825
826, 5826
827, 5827
828, 5828
829, 5829
830, 5830
831, 5831
832, 5832
833, 5833
834, 5834
835, 5835
836, 5836
837, 5837
838, 5838
839, 5839
840, 5840
841, 5841
842, 5842
843, 5843
844, 5844
845, 5845
846, 5846
847, 5847
848, 5848
849, 5849
850, 5850
851, 5851
852, 5852
853, 5853
854, 5854
855, 5855
856, 5856
857, 5857
858, 5858
859, 5859
860, 5860
861, 5861
862, 5862
863, 5863
864, 5864
865, 5865
866, 5866
867, 5867
868, 5868
869, 5869
870, 5870
871, 5871
872, 5872
873, 5873
874, 5874
875, 5875
876, 5876
877, 5877
878, 5878
879, 5879
880, 5880
881, 5881
882, 5882
883, 5883
884, 5884
885, 5885
886, 5886
887, 5887
888, 5888
889, 5889
890, 5890
891, 5891
892, 5892
893, 5893
894, 5894
895, 5895
896, 5896
897, 5897
898, 5898
899, 5899
900, 5900
901, 5901
902, 5902
903, 5903
904, 5904
905, 5905
906, 5906
907, 5907
908, 5908
909, 5909
910, 5910
911, 5911
912, 5912
913, 5913
914, 5914
915, 5915
916, 5916
917, 5917
918, 5918
919, 5919
920, 5920
921, 5921
922, 5922
923, 5923
924, 5924
925, 5925
926, 5926
927, 5927
928, 5928
929, 5929
930, 5930
931, 5931
932, 5932
933, 5933
934, 5934
935, 5935
936, 5936
937, 5937
938, 5938
939, 5939
940, 5940
941, 5941
942, 5942
943, 5943
944, 5944
945, 5945
946, 5946
947, 5947
948, 5948
949, 5949
950, 5950
951, 5951
952, 5952
953, 5953
954, 5954
955, 5955
956, 5956
957, 5957
958, 5958
959, 5959
960, 5960
961, 5961
962, 5962
963, 5963
964, 5964
965, 5965
966, 5966
967, 5967
968, 5968
969, 5969
970, 5970
971, 5971
972, 5972
973, 5973
974, 5974
975, 5975
976, 5976
977, 5977
978, 5978
979, 5979
980, 5980
981, 5981
982, 5982
983, 5983
984, 5984
985, 5985
986, 5986
987, 5987
988, 5988
989, 5989
990, 5990
991, 5991
992, 5992
993, 5993
994, 5994
995, 5995
996, 5996
997, 5997
998, 5998
999, 5999
1000, 6000
1001, 6001
1002, 6002
1003, 6003
1004, 6004
1005, 6005
1006, 6006
1007, 6007
1008, 6008
1009, 6009
1010, 6010
1011, 6011
1012, 6012
1013, 6013
1014, 6014
1015, 6015
1016, 6016
1017, 6017
1018, 6018
1019, 6019
1020, 6020
1021, 6021
1022, 6022
1023, 6023
1024, 6024
1025, 6025
1026, 6026
1027, 6027
1028, 6028
1029, 6029
1030, 6030
1031, 6031
1032, 6032
1033, 6033
1034, 6034
1035, 6035
1036, 6036
1037, 6037
1038, 6038
1039, 6039
1040, 6040
1041, 6041
1042, 6042
1043, 6043
1044, 6044
1045, 6045
1046, 6046
1047, 6047
1048, 6048
1049, 6049
1050, 6050
1051, 6051
1052, 6052
1053, 6053
1054, 6054
1055, 6055
1056, 6056
1057, 6057
1058, 6058
1059, 6059
1060, 6060
1061, 6061
1062, 6062
1063, 6063
1064, 6064
1065, 6065
1066, 6066
1067, 6067
1068, 6068
1069, 6069
1070, 6070
1071, 6071
1072, 6072
1073, 6073
1074, 6074
1075, 6075
1076, 6076
1077, 6077
1078, 6078
1079, 6079
1080, 6080
1081, 6081
1082, 6082
1083, 6083
1084, 6084
1085, 6085
1086, 6086
1087, 6087
1088, 6088
1089, 6089
1090, 6090
1091, 6091
1092, 6092
1093, 6093
1094, 6094
1095, 6095
1096, 6096
1097, 6097
1098, 6098
1099, 6099
1100, 6100
1101, 6101
1102, 6102
1103, 6103
1104, 6104
1105, 6105
1106, 6106
1107, 6107
1108, 6108
1109, 6109
1110, 6110
1111, 6111
1112, 6112
1113, 6113
1114, 6114
1115, 6115
1116, 6116
1117, 6117
1118, 6118
1119, 6119
1120, 6120
1121, 6121
1122, 6122
1123, 6123
1124, 6124
1125, 6125
1126, 6126
1127, 6127
1128, 6128
1129, 6129
1130, 6130
1131, 6131
1132, 6132
1133, 6133
1134, 6134
1135, 6135
1136, 6136
1137, 6137
1138, 6138
1139, 6139
1140, 6140
1141, 6141
1142, 6142
1143, 6143
1144, 6144
1145, 6145
1146, 6146
1147, 6147
1148, 6148
1149, 6149
1150, 6150
1151, 6151
1152, 6152
1153, 6153
1154, 6154
1155, 6155
1156, 6156
1157, 6157
1158, 6158
1159, 6159
1160, 6160
1161, 6161
1162, 6162
1163, 6163
1164, 6164
1165, 6165
1166, 6166
1167, 6167
1168, 6168
1169, 6169
1170, 6170
1171, 6171
1172, 6172
1173, 6173
1174, 6174
1175, 6175
1176, 6176
1177, 6177
1178, 6178
1179, 6179
1180, 6180
1181, 6181
1182, 6182
1183, 6183
1184, 6184
1185, 6185
1186, 6186
1187, 6187
1188, 6188
1189, 6189
1190, 6190
1191, 6191
1192, 6192
1193, 6193
1194, 6194
1195, 6195
1196, 6196
1197, 6197
1198, 6198
1199, 6199
1200, 6200
1201, 6201
1202, 6202
1203, 6203
1204, 6204
1205, 6205
1206, 6206
1207, 6207
1208, 6208
1209, 6209
1210, 6210
1211, 6211
1212, 6212
1213, 6213
1214, 6214
1215, 6215
1216, 6216
1217, 6217
1218, 6218
1219, 6219
1220, 6220
1221, 6221
1222, 6222
1223, 6223
1224, 6224
1225, 6225
1226, 6226
1227, 6227
1228, 6228
1229, 6229
1230, 6230
1231, 6231
1232, 6232
1233, 6233
1234, 6234
1235, 6235
1236, 6236
1237, 6237
1238, 6238
1239, 6239
1240, 6240
1241, 6241
1242, 6242
1243, 6243
1244, 6244
1245, 6245
1246, 6246
1247, 6247
1248, 6248
1249, 6249
1250, 6250
1251, 6251
1252, 6252
1253, 6253
1254, 6254
1255, 6255
1256, 6256
1257, 6257
1258, 6258
1259, 6259
1260, 6260
1261, 6261
1262, 6262
1263, 6263
1264, 6264
1265, 6265
1266, 6266
1267, 6267
1268, 6268
1269, 6269
1270, 6270
1271, 6271
1272, 6272
1273, 6273
1274, 6274
1275, 6275
1276, 6276
1277, 6277
1278, 6278
1279, 6279
1280, 6280
1281, 6281
1282, 6282
1283, 6283
1284, 6284
1285, 6285
1286, 6286
1287, 6287
1288, 6288
1289, 6289
1290, 6290
1291, 6291
1292, 6292
1293, 6293
1294, 6294
1295, 6295
1296, 6296
1297, 6297
1298, 6298
1299, 6299
1300, 6300
1301, 6301
1302, 6302
1303, 6303
1304, 6304
1305, 6305
1306, 6306
1307, 6307
1308, 6308
1309, 6309
1310, 6310
1311, 6311
1312, 6312
1313, 6313
1314, 6314
1315, 6315
1316, 6316
1317, 6317
1318, 6318
1319, 6319
1320, 6320
1321, 6321
1322, 6322
1323, 6323
1324, 6324
1325, 6325
1326, 6326
1327, 6327
1328, 6328
1329, 6329
1330, 6330
1331, 6331
1332, 6332
1333, 6333
1334, 6334
1335, 6335
1336, 6336
1337, 6337
1338, 6338
1339, 6339
1340, 6340
1341, 6341
1342, 6342
1343, 6343
1344, 6344
1345, 6345
1346, 6346
1347, 6347
1348, 6348
1349, 6349
1350, 6350
1351, 6351
1352, 6352
1353, 6353
1354, 6354
1355, 6355
1356, 6356
1357, 6357
1358, 6358
1359, 6359
1360, 6360
1361, 6361
1362, 6362
1363, 6363
1364, 6364
1365, 6365
1366, 6366
1367, 6367
1368, 6368
1369, 6369
1370, 6370
1371, 6371
1372, 6372
1373, 6373
1374, 6374
1375, 6375
1376, 6376
1377, 6377
1378, 6378
1379, 6379
1380, 6380
1381, 6381
1382, 6382
1383, 6383
1384, 6384
1385, 6385
1386, 6386
1387, 6387
1388, 6388
1389, 6389
1390, 6390
1391, 6391
1392, 6392
1393, 6393
1394, 6394
1395, 6395
1396, 6396
1397, 6397
1398, 6398
1399, 6399
1400, 6400
1401, 6401
1402, 6402
1403, 6403
1404, 6404
1405, 6405
1406, 6406
1407, 6407
1408, 6408
1409, 6409
1410, 6410
1411, 6411
1412, 6412
1413, 6413
1414, 6414
1415, 6415
1416, 6416
1417, 6417
1418, 6418
1419, 6419
1420, 6420
1421, 6421
1422, 6422
1423, 6423
1424, 6424
1425, 6425
1426, 6426
1427, 6427
1428, 6428
1429, 6429
1430, 6430
1431, 6431
1432, 6432
1433, 6433
1434, 6434
1435, 6435
1436, 6436
1437, 6437
1438, 6438
1439, 6439
1440, 6440
1441, 6441
1442, 6442
1443, 6443
1444, 6444
1445, 6445
1446, 6446
1447, 6447
1448, 6448
1449, 6449
1450, 6450
1451, 6451
1452, 6452
1453, 6453
1454, 6454
1455, 6455
1456, 6456
1457, 6457
1458, 6458
1459, 6459
1460, 6460
1461, 6461
1462, 6462
1463, 6463
1464, 6464
1465, 6465
1466, 6466
1467, 6467
1468, 6468
1469, 6469
1470, 6470
1471, 6471
1472, 6472
1473, 6473
1474, 6474
1475, 6475
1476, 6476
1477, 6477
1478, 6478
1479, 6479
1480, 6480
1481, 6481
1482, 6482
1483, 6483
1484, 6484
1485, 6485
1486, 6486
1487, 6487
1488, 6488
1489, 6489
1490, 6490
1491, 6491
1492, 6492
1493, 6493
1494, 6494
1495, 6495
1496, 6496
1497, 6497
1498, 6498
1499, 6499
1500, 6500
1501, 6501
1502, 6502
1503, 6503
1504, 6504
1505, 6505
1506, 6506
1507, 6507
1508, 6508
1509, 6509
1510, 6510
1511, 6511
1512, 6512
1513, 6513
1514, 6514
1515, 6515
1516, 6516
1517, 6517
1518, 6518
1519, 6519
1520, 6520
1521, 6521
1522, 6522
1523, 6523
1524, 6524
1525, 6525
1526, 6526
1527, 6527
1528, 6528
1529, 6529
1530, 6530
1531, 6531
1532, 6532
1533, 6533
1534, 6534
1535, 6535
1536, 6536
1537, 6537
1538, 6538
1539, 6539
1540, 6540
1541, 6541
1542, 6542
1543, 6543
1544, 6544
1545, 6545
1546, 6546
1547, 6547
1548, 6548
1549, 6549
1550, 6550
1551, 6551
1552, 6552
1553, 6553
1554, 6554
1555, 6555
1556, 6556
1557, 6557
1558, 6558
1559, 6559
1560, 6560
1561, 6561
1562, 6562
1563, 6563
1564, 6564
1565, 6565
1566, 6566
1567, 6567
1568, 6568
1569, 6569
1570, 6570
1571, 6571
1572, 6572
1573, 6573
1574, 6574
1575, 6575
1576, 6576
1577, 6577
1578, 6578
1579, 6579
1580, 6580
1581, 6581
1582, 6582
1583, 6583
1584, 6584
1585, 6585
1586, 6586
1587, 6587
1588, 6588
1589, 6589
1590, 6590
1591, 6591
1592, 6592
1593, 6593
1594, 6594
1595, 6595
1596, 6596
1597, 6597
1598, 6598
1599, 6599
1600, 6600
1601, 6601
1602, 6602
1603, 6603
1604, 6604
1605, 6605
1606, 6606
1607, 6607
1608, 6608
1609, 6609
1610, 6610
1611, 6611
1612, 6612
1613, 6613
1614, 6614
1615, 6615
1616, 6616
1617, 6617
1618, 6618
1619, 6619
1620, 6620
1621, 6621
1622, 6622
1623, 6623
1624, 6624
1625, 6625
1626, 6626
1627, 6627
1628, 6628
1629, 6629
1630, 6630
1631, 6631
1632, 6632
1633, 6633
1634, 6634
1635, 6635
1636, 6636
1637, 6637
1638, 6638
1639, 6639
1640, 6640
1641, 6641
1642, 6642
1643, 6643
1644, 6644
1645, 6645
1646, 6646
1647, 6647
1648, 6648
1649, 6649
1650, 6650
1651, 6651
1652, 6652
1653, 6653
1654, 6654
1655, 6655
1656, 6656
1657, 6657
1658, 6658
1659, 6659
1660, 6660
1661, 6661
1662, 6662
1663, 6663
1664, 6664
1665, 6665
1666, 6666
1667, 6667
1668, 6668
1669, 6669
1670, 6670
1671, 6671
1672, 6672
1673, 6673
1674, 6674
1675, 6675
1676, 6676
1677, 6677
1678, 6678
1679, 6679
1680, 6680
1681, 6681
1682, 6682
1683, 6683
1684, 6684
1685, 6685
1686, 6686
1687, 6687
1688, 6688
1689, 6689
1690, 6690
1691, 6691
1692, 6692
1693, 6693
1694, 6694
1695, 6695
1696, 6696
1697, 6697
1698, 6698
1699, 6699
1700, 6700
1701, 6701
1702, 6702
1703, 6703
1704, 6704
1705, 6705
1706, 6706
1707, 6707
1708, 6708
1709, 6709
1710, 6710
1711, 6711
1712, 6712
1713, 6713
1714, 6714
1715, 6715
1716, 6716
1717, 6717
1718, 6718
1719, 6719
1720, 6720
1721, 6721
1722, 6722
1723, 6723
1724, 6724
1725, 6725
1726, 6726
1727, 6727
1728, 6728
1729, 6729
1730, 6730
1731, 6731
1732, 6732
1733, 6733
1734, 6734
1735, 6735
1736, 6736
1737, 6737
1738, 6738
1739, 6739
1740, 6740
1741, 6741
1742, 6742
1743, 6743
1744, 6744
1745, 6745
1746, 6746
1747, 6747
1748, 6748
1749, 6749
1750, 6750
1751, 6751
1752, 6752
1753, 6753
1754, 6754
1755, 6755
1756, 6756
1757, 6757
1758, 6758
1759, 6759
1760, 6760
1761, 6761
1762, 6762
1763, 6763
1764, 6764
1765, 6765
1766, 6766
1767, 6767
1768, 6768
1769, 6769
1770, 6770
1771, 6771
1772, 6772
1773, 6773
1774, 6774
1775, 6775
1776, 6776
1777, 6777
1778, 6778
1779, 6779
1780, 6780
1781, 6781
1782, 6782
1783, 6783
1784, 6784
1785, 6785
1786, 6786
1787, 6787
1788, 6788
1789, 6789
1790, 6790
1791, 6791
1792, 6792
1793, 6793
1794, 6794
1795, 6795
1796, 6796
1797, 6797
1798, 6798
1799, 6799
1800, 6800
1801, 6801
1802, 6802
1803, 6803
1804, 6804
1805, 6805
1806, 6806
1807, 6807
1808, 6808
1809, 6809
1810, 6810
1811, 6811
1812, 6812
1813, 6813
1814, 6814
1815, 6815
1816, 6816
1817, 6817
1818, 6818
1819, 6819
1820, 6820
1821, 6821
1822, 6822
1823, 6823
1824, 6824
1825, 6825
1826, 6826
1827, 6827
1828, 6828
1829, 6829
1830, 6830
1831, 6831
1832, 6832
1833, 6833
1834, 6834
1835, 6835
1836, 6836
1837, 6837
1838, 6838
1839, 6839
1840, 6840
1841, 6841
1842, 6842
1843, 6843
1844, 6844
1845, 6845
1846, 6846
1847, 6847
1848, 6848
1849, 6849
1850, 6850
1851, 6851
1852, 6852
1853, 6853
1854, 6854
1855, 6855
1856, 6856
1857, 6857
1858, 6858
1859, 6859
1860, 6860
1861, 6861
1862, 6862
1863, 6863
1864, 6864
1865, 6865
1866, 6866
1867, 6867
1868, 6868
1869, 6869
1870, 6870
1871, 6871
1872, 6872
1873, 6873
1874, 6874
1875, 6875
1876, 6876
1877, 6877
1878, 6878
1879, 6879
1880, 6880
1881, 6881
1882, 6882
1883, 6883
1884, 6884
1885, 6885
1886, 6886
1887, 6887
1888, 6888
1889, 6889
1890, 6890
1891, 6891
1892, 6892
1893, 6893
1894, 6894
1895, 6895
1896, 6896
1897, 6897
1898, 6898
1899, 6899
1900, 6900
1901, 6901
1902, 6902
1903, 6903
1904, 6904
1905, 6905
1906, 6906
1907, 6907
1908, 6908
1909, 6909
1910, 6910
1911, 6911
1912, 6912
1913, 6913
1914, 6914
1915, 6915
1916, 6916
1917, 6917
1918, 6918
1919, 6919
1920, 6920
1921, 6921
1922, 6922
1923, 6923
1924, 6924
1925, 6925
1926, 6926
1927, 6927
1928, 6928
1929, 6929
1930, 6930
1931, 6931
1932, 6932
1933, 6933
1934, 6934
1935, 6935
1936, 6936
1937, 6937
1938, 6938
1939, 6939
1940, 6940
1941, 6941
1942, 6942
1943, 6943
1944, 6944
1945, 6945
1946, 6946
1947, 6947
1948, 6948
1949, 6949
1950, 6950
1951, 6951
1952, 6952
1953, 6953
1954, 6954
1955, 6955
1956, 6956
1957, 6957
1958, 6958
1959, 6959
1960, 6960
1961, 6961
1962, 6962
1963, 6963
1964, 6964
1965, 6965
1966, 6966
1967, 6967
1968, 6968
1969, 6969
1970, 6970
1971, 6971
1972, 6972
1973, 6973
1974, 6974
1975, 6975
1976, 6976
1977, 6977
1978, 6978
1979, 6979
1980, 6980
1981, 6981
1982, 6982
1983, 6983
1984, 6984
1985, 6985
1986, 6986
1987, 6987
1988, 6988
1989, 6989
1990, 6990
1991, 6991
1992, 6992
1993, 6993
1994, 6994
1995, 6995
1996, 6996
1997, 6997
1998, 6998
1999, 6999
2000, 7000
2001, 7001
2002, 7002
2003, 7003
2004, 7004
2005, 7005
2006, 7006
2007, 7007
2008, 7008
2009, 7009
2010, 7010
2011, 7011
2012, 7012
2013, 7013
2014, 7014
2015, 7015
2016, 7016
2017, 7017
2018, 7018
2019, 7019
2020, 7020
2021, 7021
2022, 7022
2023, 7023
2024, 7024
2025, 7025
2026, 7026
2027, 7027
2028, 7028
2029, 7029
2030, 7030
2031, 7031
2032, 7032
2033, 7033
2034, 7034
2035, 7035
2036, 7036
2037, 7037
2038, 7038
2039, 7039
2040, 7040
2041, 7041
2042, 7042
2043, 7043
2044, 7044
2045, 7045
2046, 7046
2047, 7047
2048, 7048
2049, 7049
2050, 7050
2051, 7051
2052, 7052
2053, 7053
2054, 7054
2055, 7055
2056, 7056
2057, 7057
2058, 7058
2059, 7059
2060, 7060
2061, 7061
2062, 7062
2063, 7063
2064, 7064
2065, 7065
2066, 7066
2067, 7067
2068, 7068
2069, 7069
2070, 7070
2071, 7071
2072, 7072
2073, 7073
2074, 7074
2075, 7075
2076, 7076
2077, 7077
2078, 7078
2079, 7079
2080, 7080
2081, 7081
2082, 7082
2083, 7083
2084, 7084
2085, 7085
2086, 7086
2087, 7087
2088, 7088
2089, 7089
2090, 7090
2091, 7091
2092, 7092
2093, 7093
2094, 7094
2095, 7095
2096, 7096
2097, 7097
2098, 7098
2099, 7099
2100, 7100
2101, 7101
2102, 7102
2103, 7103
2104, 7104
2105, 7105
2106, 7106
2107, 7107
2108, 7108
2109, 7109
2110, 7110
2111, 7111
2112, 7112
2113, 7113
2114, 7114
2115, 7115
2116, 7116
2117, 7117
2118, 7118
2119, 7119
2120, 7120
2121, 7121
2122, 7122
2123, 7123
2124, 7124
2125, 7125
2126, 7126
2127, 7127
2128, 7128
2129, 7129
2130, 7130
2131, 7131
2132, 7132
2133, 7133
2134, 7134
2135, 7135
2136, 7136
2137, 7137
2138, 7138
2139, 7139
2140, 7140
2141, 7141
2142, 7142
2143, 7143
2144, 7144
2145, 7145
2146, 7146
2147, 7147
2148, 7148
2149, 7149
2150, 7150
2151, 7151
2152, 7152
2153, 7153
2154, 7154
2155, 7155
2156, 7156
2157, 7157
2158, 7158
2159, 7159
2160, 7160
2161, 7161
2162, 7162
2163, 7163
2164, 7164
2165, 7165
2166, 7166
2167, 7167
2168, 7168
2169, 7169
2170, 7170
2171, 7171
2172, 7172
2173, 7173
2174, 7174
2175, 7175
2176, 7176
2177, 7177
2178, 7178
2179, 7179
2180, 7180
2181, 7181
2182, 7182
2183, 7183
2184, 7184
2185, 7185
2186, 7186
2187, 7187
2188, 7188
2189, 7189
2190, 7190
2191, 7191
2192, 7192
2193, 7193
2194, 7194
2195, 7195
2196, 7196
2197, 7197
2198, 7198
2199, 7199
2200, 7200
2201, 7201
2202, 7202
2203, 7203
2204, 7204
2205, 7205
2206, 7206
2207, 7207
2208, 7208
2209, 7209
2210, 7210
2211, 7211
2212, 7212
2213, 7213
2214, 7214
2215, 7215
2216, 7216
2217, 7217
2218, 7218
2219, 7219
2220, 7220
2221, 7221
2222, 7222
2223, 7223
2224, 7224
2225, 7225
2226, 7226
2227, 7227
2228, 7228
2229, 7229
2230, 7230
2231, 7231
2232, 7232
2233, 7233
2234, 7234
2235, 7235
2236, 7236
2237, 7237
2238, 7238
2239, 7239
2240, 7240
2241, 7241
2242, 7242
2243, 7243
2244, 7244
2245, 7245
2246, 7246
2247, 7247
2248, 7248
2249, 7249
2250, 7250
2251, 7251
2252, 7252
2253, 7253
2254, 7254
2255, 7255
2256, 7256
2257, 7257
2258, 7258
2259, 7259
2260, 7260
2261, 7261
2262, 7262
2263, 7263
2264, 7264
2265, 7265
2266, 7266
2267, 7267
2268, 7268
2269, 7269
2270, 7270
2271, 7271
2272, 7272
2273, 7273
2274, 7274
2275, 7275
2276, 7276
2277, 7277
2278, 7278
2279, 7279
2280, 7280
2281, 7281
2282, 7282
2283, 7283
2284, 7284
2285, 7285
2286, 7286
2287, 7287
2288, 7288
2289, 7289
2290, 7290
2291, 7291
2292, 7292
2293, 7293
2294, 7294
2295, 7295
2296, 7296
2297, 7297
2298, 7298
2299, 7299
2300, 7300
2301, 7301
2302, 7302
2303, 7303
2304, 7304
2305, 7305
2306, 7306
2307, 7307
2308, 7308
2309, 7309
2310, 7310
2311, 7311
2312, 7312
2313, 7313
2314, 7314
2315, 7315
2316, 7316
2317, 7317
2318, 7318
2319, 7319
2320, 7320
2321, 7321
2322, 7322
2323, 7323
2324, 7324
2325, 7325
2326, 7326
2327, 7327
2328, 7328
2329, 7329
2330, 7330
2331, 7331
2332, 7332
2333, 7333
2334, 7334
2335, 7335
2336, 7336
2337, 7337
2338, 7338
2339, 7339
2340, 7340
2341, 7341
2342, 7342
2343, 7343
2344, 7344
2345, 7345
2346, 7346
2347, 7347
2348, 7348
2349, 7349
2350, 7350
2351, 7351
2352, 7352
2353, 7353
2354, 7354
2355, 7355
2356, 7356
2357, 7357
2358, 7358
2359, 7359
2360, 7360
2361, 7361
2362, 7362
2363, 7363
2364, 7364
2365, 7365
2366, 7366
2367, 7367
2368, 7368
2369, 7369
2370, 7370
2371, 7371
2372, 7372
2373, 7373
2374, 7374
2375, 7375
2376, 7376
2377, 7377
2378, 7378
2379, 7379
2380, 7380
2381, 7381
2382, 7382
2383, 7383
2384, 7384
2385, 7385
2386, 7386
2387, 7387
2388, 7388
2389, 7389
2390, 7390
2391, 7391
2392, 7392
2393, 7393
2394, 7394
2395, 7395
2396, 7396
2397, 7397
2398, 7398
2399, 7399
2400, 7400
2401, 7401
2402, 7402
2403, 7403
2404, 7404
2405, 7405
2406, 7406
2407, 7407
2408, 7408
2409, 7409
2410, 7410
2411, 7411
2412, 7412
2413, 7413
2414, 7414
2415, 7415
2416, 7416
2417, 7417
2418, 7418
2419, 7419
2420, 7420
2421, 7421
2422, 7422
2423, 7423
2424, 7424
2425, 7425
2426, 7426
2427, 7427
2428, 7428
2429, 7429
2430, 7430
2431, 7431
2432, 7432
2433, 7433
2434, 7434
2435, 7435
2436, 7436
2437, 7437
2438, 7438
2439, 7439
2440, 7440
2441, 7441
2442, 7442
2443, 7443
2444, 7444
2445, 7445
2446, 7446
2447, 7447
2448, 7448
2449, 7449
2450, 7450
2451, 7451
2452, 7452
2453, 7453
2454, 7454
2455, 7455
2456, 7456
2457, 7457
2458, 7458
2459, 7459
2460, 7460
2461, 7461
2462, 7462
2463, 7463
2464, 7464
2465, 7465
2466, 7466
2467, 7467
2468, 7468
2469, 7469
2470, 7470
2471, 7471
2472, 7472
2473, 7473
2474, 7474
2475, 7475
2476, 7476
2477, 7477
2478, 7478
2479, 7479
2480, 7480
2481, 7481
2482, 7482
2483, 7483
2484, 7484
2485, 7485
2486, 7486
2487, 7487
2488, 7488
2489, 7489
2490, 7490
2491, 7491
2492, 7492
2493, 7493
2494, 7494
2495, 7495
2496, 7496
2497, 7497
2498, 7498
2499, 7499
2500, 7500
2501, 7501
2502, 7502
2503, 7503
2504, 7504
2505, 7505
2506, 7506
2507, 7507
2508, 7508
2509, 7509
2510, 7510
2511, 7511
2512, 7512
2513, 7513
2514, 7514
2515, 7515
2516, 7516
2517, 7517
2518, 7518
2519, 7519
2520, 7520
2521, 7521
2522, 7522
2523, 7523
2524, 7524
2525, 7525
2526, 7526
2527, 7527
2528, 7528
2529, 7529
2530, 7530
2531, 7531
2532, 7532
2533, 7533
2534, 7534
2535, 7535
2536, 7536
2537, 7537
2538, 7538
2539, 7539
2540, 7540
2541, 7541
2542, 7542
2543, 7543
2544, 7544
2545, 7545
2546, 7546
2547, 7547
2548, 7548
2549, 7549
2550, 7550
2551, 7551
2552, 7552
2553, 7553
2554, 7554
2555, 7555
2556, 7556
2557, 7557
2558, 7558
2559, 7559
2560, 7560
2561, 7561
2562, 7562
2563, 7563
2564, 7564
2565, 7565
2566, 7566
2567, 7567
2568, 7568
2569, 7569
2570, 7570
2571, 7571
2572, 7572
2573, 7573
2574, 7574
2575, 7575
2576, 7576
2577, 7577
2578, 7578
2579, 7579
2580, 7580
2581, 7581
2582, 7582
2583, 7583
2584, 7584
2585, 7585
2586, 7586
2587, 7587
2588, 7588
2589, 7589
2590, 7590
2591, 7591
2592, 7592
2593, 7593
2594, 7594
2595, 7595
2596, 7596
2597, 7597
2598, 7598
2599, 7599
2600, 7600
2601, 7601
2602, 7602
2603, 7603
2604, 7604
2605, 7605
2606, 7606
2607, 7607
2608, 7608
2609, 7609
2610, 7610
2611, 7611
2612, 7612
2613, 7613
2614, 7614
2615, 7615
2616, 7616
2617, 7617
2618, 7618
2619, 7619
2620, 7620
2621, 7621
2622, 7622
2623, 7623
2624, 7624
2625, 7625
2626, 7626
2627, 7627
2628, 7628
2629, 7629
2630, 7630
2631, 7631
2632, 7632
2633, 7633
2634, 7634
2635, 7635
2636, 7636
2637, 7637
2638, 7638
2639, 7639
2640, 7640
2641, 7641
2642, 7642
2643, 7643
2644, 7644
2645, 7645
2646, 7646
2647, 7647
2648, 7648
2649, 7649
2650, 7650
2651, 7651
2652, 7652
2653, 7653
2654, 7654
2655, 7655
2656, 7656
2657, 7657
2658, 7658
2659, 7659
2660, 7660
2661, 7661
2662, 7662
2663, 7663
2664, 7664
2665, 7665
2666, 7666
2667, 7667
2668, 7668
2669, 7669
2670, 7670
2671, 7671
2672, 7672
2673, 7673
2674, 7674
2675, 7675
2676, 7676
2677, 7677
2678, 7678
2679, 7679
2680, 7680
2681, 7681
2682, 7682
2683, 7683
2684, 7684
2685, 7685
2686, 7686
2687, 7687
2688, 7688
2689, 7689
2690, 7690
2691, 7691
2692, 7692
2693, 7693
2694, 7694
2695, 7695
2696, 7696
2697, 7697
2698, 7698
2699, 7699
2700, 7700
2701, 7701
2702, 7702
2703, 7703
2704, 7704
2705, 7705
2706, 7706
2707, 7707
2708, 7708
2709, 7709
2710, 7710
2711, 7711
2712, 7712
2713, 7713
2714, 7714
2715, 7715
2716, 7716
2717, 7717
2718, 7718
2719, 7719
2720, 7720
2721, 7721
2722, 7722
2723, 7723
2724, 7724
2725, 7725
2726, 7726
2727, 7727
2728, 7728
2729, 7729
2730, 7730
2731, 7731
2732, 7732
2733, 7733
2734, 7734
2735, 7735
2736, 7736
2737, 7737
2738, 7738
2739, 7739
2740, 7740
2741, 7741
2742, 7742
2743, 7743
2744, 7744
2745, 7745
2746, 7746
2747, 7747
2748, 7748
2749, 7749
2750, 7750
2751, 7751
2752, 7752
2753, 7753
2754, 7754
2755, 7755
2756, 7756
2757, 7757
2758, 7758
2759, 7759
2760, 7760
2761, 7761
2762, 7762
2763, 7763
2764, 7764
2765, 7765
2766, 7766
2767, 7767
2768, 7768
2769, 7769
2770, 7770
2771, 7771
2772, 7772
2773, 7773
2774, 7774
2775, 7775
2776, 7776
2777, 7777
2778, 7778
2779, 7779
2780, 7780
2781, 7781
2782, 7782
2783, 7783
2784, 7784
2785, 7785
2786, 7786
2787, 7787
2788, 7788
2789, 7789
2790, 7790
2791, 7791
2792, 7792
2793, 7793
2794, 7794
2795, 7795
2796, 7796
2797, 7797
2798, 7798
2799, 7799
2800, 7800
2801, 7801
2802, 7802
2803, 7803
2804, 7804
2805, 7805
2806, 7806
2807, 7807
2808, 7808
2809, 7809
2810, 7810
2811, 7811
2812, 7812
2813, 7813
2814, 7814
2815, 7815
2816, 7816
2817, 7817
2818, 7818
2819, 7819
2820, 7820
2821, 7821
2822, 7822
2823, 7823
2824, 7824
2825, 7825
2826, 7826
2827, 7827
2828, 7828
2829, 7829
2830, 7830
2831, 7831
2832, 7832
2833, 7833
2834, 7834
2835, 7835
2836, 7836
2837, 7837
2838, 7838
2839, 7839
2840, 7840
2841, 7841
2842, 7842
2843, 7843
2844, 7844
2845, 7845
2846, 7846
2847, 7847
2848, 7848
2849, 7849
2850, 7850
2851, 7851
2852, 7852
2853, 7853
2854, 7854
2855, 7855
2856, 7856
2857, 7857
2858, 7858
2859, 7859
2860, 7860
2861, 7861
2862, 7862
2863, 7863
2864, 7864
2865, 7865
2866, 7866
2867, 7867
2868, 7868
2869, 7869
2870, 7870
2871, 7871
2872, 7872
2873, 7873
2874, 7874
2875, 7875
2876, 7876
2877, 7877
2878, 7878
2879, 7879
2880, 7880
2881, 7881
2882, 7882
2883, 7883
2884, 7884
2885, 7885
2886, 7886
2887, 7887
2888, 7888
2889, 7889
2890, 7890
2891, 7891
2892, 7892
2893, 7893
2894, 7894
2895, 7895
2896, 7896
2897, 7897
2898, 7898
2899, 7899
2900, 7900
2901, 7901
2902, 7902
2903, 7903
2904, 7904
2905, 7905
2906, 7906
2907, 7907
2908, 7908
2909, 7909
2910, 7910
2911, 7911
2912, 7912
2913, 7913
2914, 7914
2915, 7915
2916, 7916
2917, 7917
2918, 7918
2919, 7919
2920, 7920
2921, 7921
2922, 7922
2923, 7923
2924, 7924
2925, 7925
2926, 7926
2927, 7927
2928, 7928
2929, 7929
2930, 7930
2931, 7931
2932, 7932
2933, 7933
2934, 7934
2935, 7935
2936, 7936
2937, 7937
2938, 7938
2939, 7939
2940, 7940
2941, 7941
2942, 7942
2943, 7943
2944, 7944
2945, 7945
2946, 7946
2947, 7947
2948, 7948
2949, 7949
2950, 7950
2951, 7951
2952, 7952
2953, 7953
2954, 7954
2955, 7955
2956, 7956
2957, 7957
2958, 7958
2959, 7959
2960, 7960
2961, 7961
2962, 7962
2963, 7963
2964, 7964
2965, 7965
2966, 7966
2967, 7967
2968, 7968
2969, 7969
2970, 7970
2971, 7971
2972, 7972
2973, 7973
2974, 7974
2975, 7975
2976, 7976
2977, 7977
2978, 7978
2979, 7979
2980, 7980
2981, 7981
2982, 7982
2983, 7983
2984, 7984
2985, 7985
2986, 7986
2987, 7987
2988, 7988
2989, 7989
2990, 7990
2991, 7991
2992, 7992
2993, 7993
2994, 7994
2995, 7995
2996, 7996
2997, 7997
2998, 7998
2999, 7999
3000, 8000
3001, 8001
3002, 8002
3003, 8003
3004, 8004
3005, 8005
3006, 8006
3007, 8007
3008, 8008
3009, 8009
3010, 8010
3011, 8011
3012, 8012
3013, 8013
3014, 8014
3015, 8015
3016, 8016
3017, 8017
3018, 8018
3019, 8019
3020, 8020
3021, 8021
3022, 8022
3023, 8023
3024, 8024
3025, 8025
3026, 8026
3027, 8027
3028, 8028
3029, 8029
3030, 8030
3031, 8031
3032, 8032
3033, 8033
3034, 8034
3035, 8035
3036, 8036
3037, 8037
3038, 8038
3039, 8039
3040, 8040
3041, 8041
3042, 8042
3043, 8043
3044, 8044
3045, 8045
3046, 8046
3047, 8047
3048, 8048
3049, 8049
3050, 8050
3051, 8051
3052, 8052
3053, 8053
3054, 8054
3055, 8055
3056, 8056
3057, 8057
3058, 8058
3059, 8059
3060, 8060
3061, 8061
3062, 8062
3063, 8063
3064, 8064
3065, 8065
3066, 8066
3067, 8067
3068, 8068
3069, 8069
3070, 8070
3071, 8071
3072, 8072
3073, 8073
3074, 8074
3075, 8075
3076, 8076
3077, 8077
3078, 8078
3079, 8079
3080, 8080
3081, 8081
3082, 8082
3083, 8083
3084, 8084
3085, 8085
3086, 8086
3087, 8087
3088, 8088
3089, 8089
3090, 8090
3091, 8091
3092, 8092
3093, 8093
3094, 8094
3095, 8095
3096, 8096
3097, 8097
3098, 8098
3099, 8099
3100, 8100
3101, 8101
3102, 8102
3103, 8103
3104, 8104
3105, 8105
3106, 8106
3107, 8107
3108, 8108
3109, 8109
3110, 8110
3111, 8111
3112, 8112
3113, 8113
3114, 8114
3115, 8115
3116, 8116
3117, 8117
3118, 8118
3119, 8119
3120, 8120
3121, 8121
3122, 8122
3123, 8123
3124, 8124
3125, 8125
3126, 8126
3127, 8127
3128, 8128
3129, 8129
3130, 8130
3131, 8131
3132, 8132
3133, 8133
3134, 8134
3135, 8135
3136, 8136
3137, 8137
3138, 8138
3139, 8139
3140, 8140
3141, 8141
3142, 8142
3143, 8143
3144, 8144
3145, 8145
3146, 8146
3147, 8147
3148, 8148
3149, 8149
3150, 8150
3151, 8151
3152, 8152
3153, 8153
3154, 8154
3155, 8155
3156, 8156
3157, 8157
3158, 8158
3159, 8159
3160, 8160
3161, 8161
3162, 8162
3163, 8163
3164, 8164
3165, 8165
3166, 8166
3167, 8167
3168, 8168
3169, 8169
3170, 8170
3171, 8171
3172, 8172
3173, 8173
3174, 8174
3175, 8175
3176, 8176
3177, 8177
3178, 8178
3179, 8179
3180, 8180
3181, 8181
3182, 8182
3183, 8183
3184, 8184
3185, 8185
3186, 8186
3187, 8187
3188, 8188
3189, 8189
3190, 8190
3191, 8191
3192, 8192
3193, 8193
3194, 8194
3195, 8195
3196, 8196
3197, 8197
3198, 8198
3199, 8199
3200, 8200
3201, 8201
3202, 8202
3203, 8203
3204, 8204
3205, 8205
3206, 8206
3207, 8207
3208, 8208
3209, 8209
3210, 8210
3211, 8211
3212, 8212
3213, 8213
3214, 8214
3215, 8215
3216, 8216
3217, 8217
3218, 8218
3219, 8219
3220, 8220
3221, 8221
3222, 8222
3223, 8223
3224, 8224
3225, 8225
3226, 8226
3227, 8227
3228, 8228
3229, 8229
3230, 8230
3231, 8231
3232, 8232
3233, 8233
3234, 8234
3235, 8235
3236, 8236
3237, 8237
3238, 8238
3239, 8239
3240, 8240
3241, 8241
3242, 8242
3243, 8243
3244, 8244
3245, 8245
3246, 8246
3247, 8247
3248, 8248
3249, 8249
3250, 8250
3251, 8251
3252, 8252
3253, 8253
3254, 8254
3255, 8255
3256, 8256
3257, 8257
3258, 8258
3259, 8259
3260, 8260
3261, 8261
3262, 8262
3263, 8263
3264, 8264
3265, 8265
3266, 8266
3267, 8267
3268, 8268
3269, 8269
3270, 8270
3271, 8271
3272, 8272
3273, 8273
3274, 8274
3275, 8275
3276, 8276
3277, 8277
3278, 8278
3279, 8279
3280, 8280
3281, 8281
3282, 8282
3283, 8283
3284, 8284
3285, 8285
3286, 8286
3287, 8287
3288, 8288
3289, 8289
3290, 8290
3291, 8291
3292, 8292
3293, 8293
3294, 8294
3295, 8295
3296, 8296
3297, 8297
3298, 8298
3299, 8299
3300, 8300
3301, 8301
3302, 8302
3303, 8303
3304, 8304
3305, 8305
3306, 8306
3307, 8307
3308, 8308
3309, 8309
3310, 8310
3311, 8311
3312, 8312
3313, 8313
3314, 8314
3315, 8315
3316, 8316
3317, 8317
3318, 8318
3319, 8319
3320, 8320
3321, 8321
3322, 8322
3323, 8323
3324, 8324
3325, 8325
3326, 8326
3327, 8327
3328, 8328
3329, 8329
3330, 8330
3331, 8331
3332, 8332
3333, 8333
3334, 8334
3335, 8335
3336, 8336
3337, 8337
3338, 8338
3339, 8339
3340, 8340
3341, 8341
3342, 8342
3343, 8343
3344, 8344
3345, 8345
3346, 8346
3347, 8347
3348, 8348
3349, 8349
3350, 8350
3351, 8351
3352, 8352
3353, 8353
3354, 8354
3355, 8355
3356, 8356
3357, 8357
3358, 8358
3359, 8359
3360, 8360
3361, 8361
3362, 8362
3363, 8363
3364, 8364
3365, 8365
3366, 8366
3367, 8367
3368, 8368
3369, 8369
3370, 8370
3371, 8371
3372, 8372
3373, 8373
3374, 8374
3375, 8375
3376, 8376
3377, 8377
3378, 8378
3379, 8379
3380, 8380
3381, 8381
3382, 8382
3383, 8383
3384, 8384
3385, 8385
3386, 8386
3387, 8387
3388, 8388
3389, 8389
3390, 8390
3391, 8391
3392, 8392
3393, 8393
3394, 8394
3395, 8395
3396, 8396
3397, 8397
3398, 8398
3399, 8399
3400, 8400
3401, 8401
3402, 8402
3403, 8403
3404, 8404
3405, 8405
3406, 8406
3407, 8407
3408, 8408
3409, 8409
3410, 8410
3411, 8411
3412, 8412
3413, 8413
3414, 8414
3415, 8415
3416, 8416
3417, 8417
3418, 8418
3419, 8419
3420, 8420
3421, 8421
3422, 8422
3423, 8423
3424, 8424
3425, 8425
3426, 8426
3427, 8427
3428, 8428
3429, 8429
3430, 8430
3431, 8431
3432, 8432
3433, 8433
3434, 8434
3435, 8435
3436, 8436
3437, 8437
3438, 8438
3439, 8439
3440, 8440
3441, 8441
3442, 8442
3443, 8443
3444, 8444
3445, 8445
3446, 8446
3447, 8447
3448, 8448
3449, 8449
3450, 8450
3451, 8451
3452, 8452
3453, 8453
3454, 8454
3455, 8455
3456, 8456
3457, 8457
3458, 8458
3459, 8459
3460, 8460
3461, 8461
3462, 8462
3463, 8463
3464, 8464
3465, 8465
3466, 8466
3467, 8467
3468, 8468
3469, 8469
3470, 8470
3471, 8471
3472, 8472
3473, 8473
3474, 8474
3475, 8475
3476, 8476
3477, 8477
3478, 8478
3479, 8479
3480, 8480
3481, 8481
3482, 8482
3483, 8483
3484, 8484
3485, 8485
3486, 8486
3487, 8487
3488, 8488
3489, 8489
3490, 8490
3491, 8491
3492, 8492
3493, 8493
3494, 8494
3495, 8495
3496, 8496
3497, 8497
3498, 8498
3499, 8499
3500, 8500
3501, 8501
3502, 8502
3503, 8503
3504, 8504
3505, 8505
3506, 8506
3507, 8507
3508, 8508
3509, 8509
3510, 8510
3511, 8511
3512, 8512
3513, 8513
3514, 8514
3515, 8515
3516, 8516
3517, 8517
3518, 8518
3519, 8519
3520, 8520
3521, 8521
3522, 8522
3523, 8523
3524, 8524
3525, 8525
3526, 8526
3527, 8527
3528, 8528
3529, 8529
3530, 8530
3531, 8531
3532, 8532
3533, 8533
3534, 8534
3535, 8535
3536, 8536
3537, 8537
3538, 8538
3539, 8539
3540, 8540
3541, 8541
3542, 8542
3543, 8543
3544, 8544
3545, 8545
3546, 8546
3547, 8547
3548, 8548
3549, 8549
3550, 8550
3551, 8551
3552, 8552
3553, 8553
3554, 8554
3555, 8555
3556, 8556
3557, 8557
3558, 8558
3559, 8559
3560, 8560
3561, 8561
3562, 8562
3563, 8563
3564, 8564
3565, 8565
3566, 8566
3567, 8567
3568, 8568
3569, 8569
3570, 8570
3571, 8571
3572, 8572
3573, 8573
3574, 8574
3575, 8575
3576, 8576
3577, 8577
3578, 8578
3579, 8579
3580, 8580
3581, 8581
3582, 8582
3583, 8583
3584, 8584
3585, 8585
3586, 8586
3587, 8587
3588, 8588
3589, 8589
3590, 8590
3591, 8591
3592, 8592
3593, 8593
3594, 8594
3595, 8595
3596, 8596
3597, 8597
3598, 8598
3599, 8599
3600, 8600
3601, 8601
3602, 8602
3603, 8603
3604, 8604
3605, 8605
3606, 8606
3607, 8607
3608, 8608
3609, 8609
3610, 8610
3611, 8611
3612, 8612
3613, 8613
3614, 8614
3615, 8615
3616, 8616
3617, 8617
3618, 8618
3619, 8619
3620, 8620
3621, 8621
3622, 8622
3623, 8623
3624, 8624
3625, 8625
3626, 8626
3627, 8627
3628, 8628
3629, 8629
3630, 8630
3631, 8631
3632, 8632
3633, 8633
3634, 8634
3635, 8635
3636, 8636
3637, 8637
3638, 8638
3639, 8639
3640, 8640
3641, 8641
3642, 8642
3643, 8643
3644, 8644
3645, 8645
3646, 8646
3647, 8647
3648, 8648
3649, 8649
3650, 8650
3651, 8651
3652, 8652
3653, 8653
3654, 8654
3655, 8655
3656, 8656
3657, 8657
3658, 8658
3659, 8659
3660, 8660
3661, 8661
3662, 8662
3663, 8663
3664, 8664
3665, 8665
3666, 8666
3667, 8667
3668, 8668
3669, 8669
3670, 8670
3671, 8671
3672, 8672
3673, 8673
3674, 8674
3675, 8675
3676, 8676
3677, 8677
3678, 8678
3679, 8679
3680, 8680
3681, 8681
3682, 8682
3683, 8683
3684, 8684
3685, 8685
3686, 8686
3687, 8687
3688, 8688
3689, 8689
3690, 8690
3691, 8691
3692, 8692
3693, 8693
3694, 8694
3695, 8695
3696, 8696
3697, 8697
3698, 8698
3699, 8699
3700, 8700
3701, 8701
3702, 8702
3703, 8703
3704, 8704
3705, 8705
3706, 8706
3707, 8707
3708, 8708
3709, 8709
3710, 8710
3711, 8711
3712, 8712
3713, 8713
3714, 8714
3715, 8715
3716, 8716
3717, 8717
3718, 8718
3719, 8719
3720, 8720
3721, 8721
3722, 8722
3723, 8723
3724, 8724
3725, 8725
3726, 8726
3727, 8727
3728, 8728
3729, 8729
3730, 8730
3731, 8731
3732, 8732
3733, 8733
3734, 8734
3735, 8735
3736, 8736
3737, 8737
3738, 8738
3739, 8739
3740, 8740
3741, 8741
3742, 8742
3743, 8743
3744, 8744
3745, 8745
3746, 8746
3747, 8747
3748, 8748
3749, 8749
3750, 8750
3751, 8751
3752, 8752
3753, 8753
3754, 8754
3755, 8755
3756, 8756
3757, 8757
3758, 8758
3759, 8759
3760, 8760
3761, 8761
3762, 8762
3763, 8763
3764, 8764
3765, 8765
3766, 8766
3767, 8767
3768, 8768
3769, 8769
3770, 8770
3771, 8771
3772, 8772
3773, 8773
3774, 8774
3775, 8775
3776, 8776
3777, 8777
3778, 8778
3779, 8779
3780, 8780
3781, 8781
3782, 8782
3783, 8783
3784, 8784
3785, 8785
3786, 8786
3787, 8787
3788, 8788
3789, 8789
3790, 8790
3791, 8791
3792, 8792
3793, 8793
3794, 8794
3795, 8795
3796, 8796
3797, 8797
3798, 8798
3799, 8799
3800, 8800
3801, 8801
3802, 8802
3803, 8803
3804, 8804
3805, 8805
3806, 8806
3807, 8807
3808, 8808
3809, 8809
3810, 8810
3811, 8811
3812, 8812
3813, 8813
3814, 8814
3815, 8815
3816, 8816
3817, 8817
3818, 8818
3819, 8819
3820, 8820
3821, 8821
3822, 8822
3823, 8823
3824, 8824
3825, 8825
3826, 8826
3827, 8827
3828, 8828
3829, 8829
3830, 8830
3831, 8831
3832, 8832
3833, 8833
3834, 8834
3835, 8835
3836, 8836
3837, 8837
3838, 8838
3839, 8839
3840, 8840
3841, 8841
3842, 8842
3843, 8843
3844, 8844
3845, 8845
3846, 8846
3847, 8847
3848, 8848
3849, 8849
3850, 8850
3851, 8851
3852, 8852
3853, 8853
3854, 8854
3855, 8855
3856, 8856
3857, 8857
3858, 8858
3859, 8859
3860, 8860
3861, 8861
3862, 8862
3863, 8863
3864, 8864
3865, 8865
3866, 8866
3867, 8867
3868, 8868
3869, 8869
3870, 8870
3871, 8871
3872, 8872
3873, 8873
3874, 8874
3875, 8875
3876, 8876
3877, 8877
3878, 8878
3879, 8879
3880, 8880
3881, 8881
3882, 8882
3883, 8883
3884, 8884
3885, 8885
3886, 8886
3887, 8887
3888, 8888
3889, 8889
3890, 8890
3891, 8891
3892, 8892
3893, 8893
3894, 8894
3895, 8895
3896, 8896
3897, 8897
3898, 8898
3899, 8899
3900, 8900
3901, 8901
3902, 8902
3903, 8903
3904, 8904
3905, 8905
3906, 8906
3907, 8907
3908, 8908
3909, 8909
3910, 8910
3911, 8911
3912, 8912
3913, 8913
3914, 8914
3915, 8915
3916, 8916
3917, 8917
3918, 8918
3919, 8919
3920, 8920
3921, 8921
3922, 8922
3923, 8923
3924, 8924
3925, 8925
3926, 8926
3927, 8927
3928, 8928
3929, 8929
3930, 8930
3931, 8931
3932, 8932
3933, 8933
3934, 8934
3935, 8935
3936, 8936
3937, 8937
3938, 8938
3939, 8939
3940, 8940
3941, 8941
3942, 8942
3943, 8943
3944, 8944
3945, 8945
3946, 8946
3947, 8947
3948, 8948
3949, 8949
3950, 8950
3951, 8951
3952, 8952
3953, 8953
3954, 8954
3955, 8955
3956, 8956
3957, 8957
3958, 8958
3959, 8959
3960, 8960
3961, 8961
3962, 8962
3963, 8963
3964, 8964
3965, 8965
3966, 8966
3967, 8967
3968, 8968
3969, 8969
3970, 8970
3971, 8971
3972, 8972
3973, 8973
3974, 8974
3975, 8975
3976, 8976
3977, 8977
3978, 8978
3979, 8979
3980, 8980
3981, 8981
3982, 8982
3983, 8983
3984, 8984
3985, 8985
3986, 8986
3987, 8987
3988, 8988
3989, 8989
3990, 8990
3991, 8991
3992, 8992
3993, 8993
3994, 8994
3995, 8995
3996, 8996
3997, 8997
3998, 8998
3999, 8999
4000, 9000
4001, 9001
4002, 9002
4003, 9003
4004, 9004
4005, 9005
4006, 9006
4007, 9007
4008, 9008
4009, 9009
4010, 9010
4011, 9011
4012, 9012
4013, 9013
4014, 9014
4015, 9015
4016, 9016
4017, 9017
4018, 9018
4019, 9019
4020, 9020
4021, 9021
4022, 9022
4023, 9023
4024, 9024
4025, 9025
4026, 9026
4027, 9027
4028, 9028
4029, 9029
4030, 9030
4031, 9031
4032, 9032
4033, 9033
4034, 9034
4035, 9035
4036, 9036
4037, 9037
4038, 9038
4039, 9039
4040, 9040
4041, 9041
4042, 9042
4043, 9043
4044, 9044
4045, 9045
4046, 9046
4047, 9047
4048, 9048
4049, 9049
4050, 9050
4051, 9051
4052, 9052
4053, 9053
4054, 9054
4055, 9055
4056, 9056
4057, 9057
4058, 9058
4059, 9059
4060, 9060
4061, 9061
4062, 9062
4063, 9063
4064, 9064
4065, 9065
4066, 9066
4067, 9067
4068, 9068
4069, 9069
4070, 9070
4071, 9071
4072, 9072
4073, 9073
4074, 9074
4075, 9075
4076, 9076
4077, 9077
4078, 9078
4079, 9079
4080, 9080
4081, 9081
4082, 9082
4083, 9083
4084, 9084
4085, 9085
4086, 9086
4087, 9087
4088, 9088
4089, 9089
4090, 9090
4091, 9091
4092, 9092
4093, 9093
4094, 9094
4095, 9095
4096, 9096
4097, 9097
4098, 9098
4099, 9099
4100, 9100
4101, 9101
4102, 9102
4103, 9103
4104, 9104
4105, 9105
4106, 9106
4107, 9107
4108, 9108
4109, 9109
4110, 9110
4111, 9111
4112, 9112
4113, 9113
4114, 9114
4115, 9115
4116, 9116
4117, 9117
4118, 9118
4119, 9119
4120, 9120
4121, 9121
4122, 9122
4123, 9123
4124, 9124
4125, 9125
4126, 9126
4127, 9127
4128, 9128
4129, 9129
4130, 9130
4131, 9131
4132, 9132
4133, 9133
4134, 9134
4135, 9135
4136, 9136
4137, 9137
4138, 9138
4139, 9139
4140, 9140
4141, 9141
4142, 9142
4143, 9143
4144, 9144
4145, 9145
4146, 9146
4147, 9147
4148, 9148
4149, 9149
4150, 9150
4151, 9151
4152, 9152
4153, 9153
4154, 9154
4155, 9155
4156, 9156
4157, 9157
4158, 9158
4159, 9159
4160, 9160
4161, 9161
4162, 9162
4163, 9163
4164, 9164
4165, 9165
4166, 9166
4167, 9167
4168, 9168
4169, 9169
4170, 9170
4171, 9171
4172, 9172
4173, 9173
4174, 9174
4175, 9175
4176, 9176
4177, 9177
4178, 9178
4179, 9179
4180, 9180
4181, 9181
4182, 9182
4183, 9183
4184, 9184
4185, 9185
4186, 9186
4187, 9187
4188, 9188
4189, 9189
4190, 9190
4191, 9191
4192, 9192
4193, 9193
4194, 9194
4195, 9195
4196, 9196
4197, 9197
4198, 9198
4199, 9199
4200, 9200
4201, 9201
4202, 9202
4203, 9203
4204, 9204
4205, 9205
4206, 9206
4207, 9207
4208, 9208
4209, 9209
4210, 9210
4211, 9211
4212, 9212
4213, 9213
4214, 9214
4215, 9215
4216, 9216
4217, 9217
4218, 9218
4219, 9219
4220, 9220
4221, 9221
4222, 9222
4223, 9223
4224, 9224
4225, 9225
4226, 9226
4227, 9227
4228, 9228
4229, 9229
4230, 9230
4231, 9231
4232, 9232
4233, 9233
4234, 9234
4235, 9235
4236, 9236
4237, 9237
4238, 9238
4239, 9239
4240, 9240
4241, 9241
4242, 9242
4243, 9243
4244, 9244
4245, 9245
4246, 9246
4247, 9247
4248, 9248
4249, 9249
4250, 9250
4251, 9251
4252, 9252
4253, 9253
4254, 9254
4255, 9255
4256, 9256
4257, 9257
4258, 9258
4259, 9259
4260, 9260
4261, 9261
4262, 9262
4263, 9263
4264, 9264
4265, 9265
4266, 9266
4267, 9267
4268, 9268
4269, 9269
4270, 9270
4271, 9271
4272, 9272
4273, 9273
4274, 9274
4275, 9275
4276, 9276
4277, 9277
4278, 9278
4279, 9279
4280, 9280
4281, 9281
4282, 9282
4283, 9283
4284, 9284
4285, 9285
4286, 9286
4287, 9287
4288, 9288
4289, 9289
4290, 9290
4291, 9291
4292, 9292
4293, 9293
4294, 9294
4295, 9295
4296, 9296
4297, 9297
4298, 9298
4299, 9299
4300, 9300
4301, 9301
4302, 9302
4303, 9303
4304, 9304
4305, 9305
4306, 9306
4307, 9307
4308, 9308
4309, 9309
4310, 9310
4311, 9311
4312, 9312
4313, 9313
4314, 9314
4315, 9315
4316, 9316
4317, 9317
4318, 9318
4319, 9319
4320, 9320
4321, 9321
4322, 9322
4323, 9323
4324, 9324
4325, 9325
4326, 9326
4327, 9327
4328, 9328
4329, 9329
4330, 9330
4331, 9331
4332, 9332
4333, 9333
4334, 9334
4335, 9335
4336, 9336
4337, 9337
4338, 9338
4339, 9339
4340, 9340
4341, 9341
4342, 9342
4343, 9343
4344, 9344
4345, 9345
4346, 9346
4347, 9347
4348, 9348
4349, 9349
4350, 9350
4351, 9351
4352, 9352
4353, 9353
4354, 9354
4355, 9355
4356, 9356
4357, 9357
4358, 9358
4359, 9359
4360, 9360
4361, 9361
4362, 9362
4363, 9363
4364, 9364
4365, 9365
4366, 9366
4367, 9367
4368, 9368
4369, 9369
4370, 9370
4371, 9371
4372, 9372
4373, 9373
4374, 9374
4375, 9375
4376, 9376
4377, 9377
4378, 9378
4379, 9379
4380, 9380
4381, 9381
4382, 9382
4383, 9383
4384, 9384
4385, 9385
4386, 9386
4387, 9387
4388, 9388
4389, 9389
4390, 9390
4391, 9391
4392, 9392
4393, 9393
4394, 9394
4395, 9395
4396, 9396
4397, 9397
4398, 9398
4399, 9399
4400, 9400
4401, 9401
4402, 9402
4403, 9403
4404, 9404
4405, 9405
4406, 9406
4407, 9407
4408, 9408
4409, 9409
4410, 9410
4411, 9411
4412, 9412
4413, 9413
4414, 9414
4415, 9415
4416, 9416
4417, 9417
4418, 9418
4419, 9419
4420, 9420
4421, 9421
4422, 9422
4423, 9423
4424, 9424
4425, 9425
4426, 9426
4427, 9427
4428, 9428
4429, 9429
4430, 9430
4431, 9431
4432, 9432
4433, 9433
4434, 9434
4435, 9435
4436, 9436
4437, 9437
4438, 9438
4439, 9439
4440, 9440
4441, 9441
4442, 9442
4443, 9443
4444, 9444
4445, 9445
4446, 9446
4447, 9447
4448, 9448
4449, 9449
4450, 9450
4451, 9451
4452, 9452
4453, 9453
4454, 9454
4455, 9455
4456, 9456
4457, 9457
4458, 9458
4459, 9459
4460, 9460
4461, 9461
4462, 9462
4463, 9463
4464, 9464
4465, 9465
4466, 9466
4467, 9467
4468, 9468
4469, 9469
4470, 9470
4471, 9471
4472, 9472
4473, 9473
4474, 9474
4475, 9475
4476, 9476
4477, 9477
4478, 9478
4479, 9479
4480, 9480
4481, 9481
4482, 9482
4483, 9483
4484, 9484
4485, 9485
4486, 9486
4487, 9487
4488, 9488
4489, 9489
4490, 9490
4491, 9491
4492, 9492
4493, 9493
4494, 9494
4495, 9495
4496, 9496
4497, 9497
4498, 9498
4499, 9499
4500, 9500
4501, 9501
4502, 9502
4503, 9503
4504, 9504
4505, 9505
4506, 9506
4507, 9507
4508, 9508
4509, 9509
4510, 9510
4511, 9511
4512, 9512
4513, 9513
4514, 9514
4515, 9515
4516, 9516
4517, 9517
4518, 9518
4519, 9519
4520, 9520
4521, 9521
4522, 9522
4523, 9523
4524, 9524
4525, 9525
4526, 9526
4527, 9527
4528, 9528
4529, 9529
4530, 9530
4531, 9531
4532, 9532
4533, 9533
4534, 9534
4535, 9535
4536, 9536
4537, 9537
4538, 9538
4539, 9539
4540, 9540
4541, 9541
4542, 9542
4543, 9543
4544, 9544
4545, 9545
4546, 9546
4547, 9547
4548, 9548
4549, 9549
4550, 9550
4551, 9551
4552, 9552
4553, 9553
4554, 9554
4555, 9555
4556, 9556
4557, 9557
4558, 9558
4559, 9559
4560, 9560
4561, 9561
4562, 9562
4563, 9563
4564, 9564
4565, 9565
4566, 9566
4567, 9567
4568, 9568
4569, 9569
4570, 9570
4571, 9571
4572, 9572
4573, 9573
4574, 9574
4575, 9575
4576, 9576
4577, 9577
4578, 9578
4579, 9579
4580, 9580
4581, 9581
4582, 9582
4583, 9583
4584, 9584
4585, 9585
4586, 9586
4587, 9587
4588, 9588
4589, 9589
4590, 9590
4591, 9591
4592, 9592
4593, 9593
4594, 9594
4595, 9595
4596, 9596
4597, 9597
4598, 9598
4599, 9599
4600, 9600
4601, 9601
4602, 9602
4603, 9603
4604, 9604
4605, 9605
4606, 9606
4607, 9607
4608, 9608
4609, 9609
4610, 9610
4611, 9611
4612, 9612
4613, 9613
4614, 9614
4615, 9615
4616, 9616
4617, 9617
4618, 9618
4619, 9619
4620, 9620
4621, 9621
4622, 9622
4623, 9623
4624, 9624
4625, 9625
4626, 9626
4627, 9627
4628, 9628
4629, 9629
4630, 9630
4631, 9631
4632, 9632
4633, 9633
4634, 9634
4635, 9635
4636, 9636
4637, 9637
4638, 9638
4639, 9639
4640, 9640
4641, 9641
4642, 9642
4643, 9643
4644, 9644
4645, 9645
4646, 9646
4647, 9647
4648, 9648
4649, 9649
4650, 9650
4651, 9651
4652, 9652
4653, 9653
4654, 9654
4655, 9655
4656, 9656
4657, 9657
4658, 9658
4659, 9659
4660, 9660
4661, 9661
4662, 9662
4663, 9663
4664, 9664
4665, 9665
4666, 9666
4667, 9667
4668, 9668
4669, 9669
4670, 9670
4671, 9671
4672, 9672
4673, 9673
4674, 9674
4675, 9675
4676, 9676
4677, 9677
4678, 9678
4679, 9679
4680, 9680
4681, 9681
4682, 9682
4683, 9683
4684, 9684
4685, 9685
4686, 9686
4687, 9687
4688, 9688
4689, 9689
4690, 9690
4691, 9691
4692, 9692
4693, 9693
4694, 9694
4695, 9695
4696, 9696
4697, 9697
4698, 9698
4699, 9699
4700, 9700
4701, 9701
4702, 9702
4703, 9703
4704, 9704
4705, 9705
4706, 9706
4707, 9707
4708, 9708
4709, 9709
4710, 9710
4711, 9711
4712, 9712
4713, 9713
4714, 9714
4715, 9715
4716, 9716
4717, 9717
4718, 9718
4719, 9719
4720, 9720
4721, 9721
4722, 9722
4723, 9723
4724, 9724
4725, 9725
4726, 9726
4727, 9727
4728, 9728
4729, 9729
4730, 9730
4731, 9731
4732, 9732
4733, 9733
4734, 9734
4735, 9735
4736, 9736
4737, 9737
4738, 9738
4739, 9739
4740, 9740
4741, 9741
4742, 9742
4743, 9743
4744, 9744
4745, 9745
4746, 9746
4747, 9747
4748, 9748
4749, 9749
4750, 9750
4751, 9751
4752, 9752
4753, 9753
4754, 9754
4755, 9755
4756, 9756
4757, 9757
4758, 9758
4759, 9759
4760, 9760
4761, 9761
4762, 9762
4763, 9763
4764, 9764
4765, 9765
4766, 9766
4767, 9767
4768, 9768
4769, 9769
4770, 9770
4771, 9771
4772, 9772
4773, 9773
4774, 9774
4775, 9775
4776, 9776
4777, 9777
4778, 9778
4779, 9779
4780, 9780
4781, 9781
4782, 9782
4783, 9783
4784, 9784
4785, 9785
4786, 9786
4787, 9787
4788, 9788
4789, 9789
4790, 9790
4791, 9791
4792, 9792
4793, 9793
4794, 9794
4795, 9795
4796, 9796
4797, 9797
4798, 9798
4799, 9799
4800, 9800
4801, 9801
4802, 9802
4803, 9803
4804, 9804
4805, 9805
4806, 9806
4807, 9807
4808, 9808
4809, 9809
4810, 9810
4811, 9811
4812, 9812
4813, 9813
4814, 9814
4815, 9815
4816, 9816
4817, 9817
4818, 9818
4819, 9819
4820, 9820
4821, 9821
4822, 9822
4823, 9823
4824, 9824
4825, 9825
4826, 9826
4827, 9827
4828, 9828
4829, 9829
4830, 9830
4831, 9831
4832, 9832
4833, 9833
4834, 9834
4835, 9835
4836, 9836
4837, 9837
4838, 9838
4839, 9839
4840, 9840
4841, 9841
4842, 9842
4843, 9843
4844, 9844
4845, 9845
4846, 9846
4847, 9847
4848, 9848
4849, 9849
4850, 9850
4851, 9851
4852, 9852
4853, 9853
4854, 9854
4855, 9855
4856, 9856
4857, 9857
4858, 9858
4859, 9859
4860, 9860
4861, 9861
4862, 9862
4863, 9863
4864, 9864
4865, 9865
4866, 9866
4867, 9867
4868, 9868
4869, 9869
4870, 9870
4871, 9871
4872, 9872
4873, 9873
4874, 9874
4875, 9875
4876, 9876
4877, 9877
4878, 9878
4879, 9879
4880, 9880
4881, 9881
4882, 9882
4883, 9883
4884, 9884
4885, 9885
4886, 9886
4887, 9887
4888, 9888
4889, 9889
4890, 9890
4891, 9891
4892, 9892
4893, 9893
4894, 9894
4895, 9895
4896, 9896
4897, 9897
4898, 9898
4899, 9899
4900, 9900
4901, 9901
4902, 9902
4903, 9903
4904, 9904
4905, 9905
4906, 9906
4907, 9907
4908, 9908
4909, 9909
4910, 9910
4911, 9911
4912, 9912
4913, 9913
4914, 9914
4915, 9915
4916, 9916
4917, 9917
4918, 9918
4919, 9919
4920, 9920
4921, 9921
4922, 9922
4923, 9923
4924, 9924
4925, 9925
4926, 9926
4927, 9927
4928, 9928
4929, 9929
4930, 9930
4931, 9931
4932, 9932
4933, 9933
4934, 9934
4935, 9935
4936, 9936
4937, 9937
4938, 9938
4939, 9939
4940, 9940
4941, 9941
4942, 9942
4943, 9943
4944, 9944
4945, 9945
4946, 9946
4947, 9947
4948, 9948
4949, 9949
4950, 9950
4951, 9951
4952, 9952
4953, 9953
4954, 9954
4955, 9955
4956, 9956
4957, 9957
4958, 9958
4959, 9959
4960, 9960
4961, 9961
4962, 9962
4963, 9963
4964, 9964
4965, 9965
4966, 9966
4967, 9967
4968, 9968
4969, 9969
4970, 9970
4971, 9971
4972, 9972
4973, 9973
4974, 9974
4975, 9975
4976, 9976
4977, 9977
4978, 9978
4979, 9979
4980, 9980
4981, 9981
4982, 9982
4983, 9983
4984, 9984
4985, 9985
4986, 9986
4987, 9987
4988, 9988
4989, 9989
4990, 9990
4991, 9991
4992, 9992
4993, 9993
4994, 9994
4995, 9995
4996, 9996
4997, 9997
4998, 9998
4999, 9999
5000, 10000
